あおふみ,高いところから失礼します！という口上が好きすぎる！！<br>可愛い！！
アテナ,かわいいところ！あとあまあま配信だいすき！！！
さだのぶ,ユメミちゃんの笑い声ドキドキしちゃう好き
さもわーる,雑談でもASMR配信とかでも、ユメミちゃん自身が楽しそうに配信しているところがとても好きです！ あとは年末年始の福袋開封とかも、面白くて良き……！
しゅう,"声！人となり！
シャドバも、ASMRも、グッズも、取り組むと決めたら""本気""で、良いものを届けようとする姿勢！"
ゼグラム,いつものASMR配信も甘ばとも雑談も全部好き。<br>いつも楽しそうにいろんな話を聞かせてくれるのが好き。
たー,好きなものたくさん食べて<br>いっぱい寝ているユメミちゃんも好きです
タルタルチキン,最近の低めの声の配信がよかった！<br>低めの声のユメミちゃんはかっこよくて惚れちゃいそうだった、<br>もう惚れてるけど。<br>低温のすきすき囁きもよかったからまたやってほしいです
ちゃぴたろう,びっくらぶ配信！頑張り屋さんで優しいところが大好き！
てんちょう,好きな配信は何気に雑談！<br>実写担当さんのサービス精神旺盛なところも好き
とげウニ,自分のことが好きなユメミちゃんが好き！
なつみかん,ASMR配信でいつも寝かしつけられたり、カリカリされたり…<br>いつもお世話になってます…！！
モコきち,好きなところは声と先輩を「わかってる」ところかな。。。<br>睡眠系のASMRではいつもお世話になってるし、<br>DLサイトのASMRも満足感が高くて<br>買ってからかなりの回数聴いてます！
らんなー,圧倒的に甘ばと配信が好きです。分かっててセンパイを煽るようなセリフを言ってくれるところとかが特に。
るーるるる,ユメミちゃんのとっても心暖かくて優しくて<br>受け入れてくれるところ大好きです…！
萌可冷希,声！笑顔！
Diavolus,ユメミちゃんのASMR配信を初めて見たときから、<br>よく眠れるようになりました。<br>今ではユメミちゃんの明るい笑い声が大好きで、<br>とても癒されています〜
eldora,やりたい事優先しての配信やセンパイとのやり取り
あんぷ,好きな配信は<br>ユメミちゃんを知るきっかけにもなったASMRの配信です！！<br>ユメミちゃんの可愛くてリラックスできるお声で<br>とろとろに甘やかしてもらえるのが本当に幸せで...♡<br>疲れとか、悩みも<br>ユメミちゃんの耳フーで全部吹き飛んじゃいますw<br><br>ユメミちゃんの好きなところ！？！？<br>全部だいだいだ〜いすき♡(ガチ)
,寝る用に聞くのがメインですが、<br>好きな声を聞いてるのが一番落ち着くので<br>いっぱい声を聞かせてくれる甘ばとが大好きです<br>内容に集中すると落ち着けない時もありますが…
キリ,ユメミちゃんが楽しそうに趣味の話や映画を聞くのが大好き！<br>そしてセンパイのことユメミちゃんが大好きなのが伝わってそれが好き〜<br>好きな配信は心音配信〜
シュガッター,<a href="https://www.youtube.com/watch?v=mi2EQZ8gBF8">【#お兄ちゃんと一緒ASMRリレー🩷KU100】甘やかしママ系妹ユメミちゃん🍼🤍</a><br>お兄ちゃん呼びしてもらうの、本当にたまらないです！<br>ユメミちゃんのかわいくてあまあまな囁き声を聴くたび、<br>とろけちゃうくらい幸せな気持ちになる……
すや,配信は全部だいすき！<br>雑談もASMRもゲームも甘ばともニコ＋も全部すき！<br>今年はサービス精神旺盛でとってもすごいね....<br><br>ユメミちゃんのすきなところは自分を持っているところ！<br>ちゃんと自分の考えがあったり芯があるところが<br>かっこよくて尊敬してる！<br>あと言わずもがなかわいいところが大好き♡
セカイの牛丼,甘ばと配信！
たにし,抱きしめなでなで、バブみ、寝かしつけ、低音、甘ばと…etc
なたやん,ASMR配信では睡眠時の視聴や<br>疲れた時の癒しとなっており、いつもお世話になっています。<br>ガチ添い寝配信めちゃくちゃ好きです。<br>ユメミちゃんの好きなところは自分のやりたい事を突き詰めて<br>妥協しないで物事を進めるところです。<br>いつも真面目だなと思いつつも、<br>出されたもののクオリティが高く驚いています。<br>そういったまっすぐで真面目なところが大好きなので<br>これからも応援します。
ハヤテ,あまあまasmrをしてくれるところ<br>ままになってくれるところ<br>歌い方が可愛いところ<br>関西弁がキュートなところ<br>エゴサをしてくれて反応してくれるところ<br>声がかわいいところ
ハンゾウ,今でも思い出してふふってなるシーンは夜廻の「ｶﾆﾃﾞｽ!」
メンバー,首輪付きのあまばと配信が好きです。<br><br>ユメミちゃんの優しくて、<br>よく人を想ってくれるところが大好きです。
よふけのかるあ,なんだかんだで甘々なのが好き。
わさびしょうゆ,「ロリママにお世話してもらう」の配信が1番好きです<br>理由としてはこれがユメミちゃんとの出会いであり<br>思い入れがある配信なのでよく聞かせてもらってます
雑煮,好き好き連呼配信<br>センパイを愛してくれるところ
無限連鎖講の防止に関する法律,まず本人が良いと思うモノがあって、そこから<br>溢れ出たものを受け取ってる感じが、好き❤嬉しい❤<br>無理してる感じがしないし、それなのにえっちが無限に<br>溢れてくるのも良いよね――。<br>えっち概念の探求者こと、くもの上ユメミさんの<br>今後ますますのご活躍を心よりお祈り申し上げます――。
Shironagi♪,首輪付きの甘ばとがめちゃめちゃ好き...うぅ...
コシヒカリ,センパイの事を深く理解して、手（もしくはリード）を<br>引きながら一緒に歩いてくれている感じが好きです<br>配信を見ていると、振り向いたらそこにいるんじゃないか...<br>そのように思うときすらあるわんねぇ
サムライたん,低音ボイス系、関西弁系は特に好き。<br>実写担当さんはスポーティな衣装好き。<br>コスプレはもうどれも言わずもがなじゃん？？
じゅまちゃん,目標に向かってまっすぐ頑張ってるところ！！<br>いっつも元気もらってます！
ひきをたにぃと,好きな配信は全部！どれかなんて決められない！、<br>ニコ➕️びっぐらぶもモチロン好きだけど、YoutubeのASMRはほんとにすぐ近くで慈しむような感じが大好きです♡<br><br>ユメミちゃんの好きなところは拘ってるところ。<br>ユメミちゃんが拘ってるからこそセンパイがこんなに癒されてるんだと思います✨️
ユーリ,声！が！かわいい！大好きです！！！（初句）<br>まずそこから言わせていただきまして……。<br>ユメミちゃんのなんでも受け止めてくれる<br>懐の深さが素敵です！ユメミママ…………<br>(好きな配信は1をいっぱい言ってくれる系のやつです。ｺｯｿﾘ)
千緒(ちお),びっぐらぶ……！<br>打てば響く……！<br>センパイの想いに応えてくれようと頑張ってくれるところと、<br>そのサービス精神。
鳩さん。,ユメミちゃんが『センパイたちに喜んでもらいたい』と<br>本気で思ってくれているんだなと、活動を追えば追うほど<br>理解できるのが、ユメミちゃんの大好きなところ！です！
Jackson,甘やかしASMRや関西弁ASMR、吐息ASMRが好きで<br>甘々に癒されるのがとても好きです！<br>ですが、やっぱり一番は甘ばとです！<br>自分の性癖が壊れて治らなくなった一番の好きなASMRです！
